{
    "comment": "hydrogen photoionization 1s->kp channel with length form. basis are 5opt-cSTO-10cG from ~/ccolumbus/molint_in/H/opt_5sto_10g_E0.5. Reference value of alpha is (5.65688402161-1.08811622008j)",
    "write_psi": {"file": "psi.csv",
		  "rs": {"type": "lin", "x0": 0.0, "x1": 100.0, "N": 1001} },
    "write_basis": {"file": "basis.csv",
		    "rs": {"type": "lin", "x0": 0.0, "x1": 100.0, "N": 1001} },    
    "target": {"type": "custom",
	       "driv": {"type":  "STO",
			"value": [{"c":2.0, "n":2, "z":1.0}]
		       },
	       "E": 0.5,
	       "Z": 1.0,
	       "L": 1
	      },
    "basis": {"type": "GTO",
	      "value": [
		  {"n": 2, "czs":[
		      [[0.327162, -0.0002483039720840349],[89.6375, -0.00061616]],
		      [[-0.194976, 0.000126793196646044],[50.9207, -0.000577199]],
		      [[0.158501, -0.00012805748848095935],[30.7752, -0.00055761]],
		      [[-0.0358006, 0.0000039908168816014],[18.3576, -0.000541861]],
		      [[0.0838005, -0.00008560645134436331],[10.4106, -0.000524205]],
		      [[0.0674743, -0.00008292176700616823],[5.43269, -0.000499028]],
		      [[0.139825, -0.00012077546398024934],[2.52124, -0.000457822]],
		      [[0.214633, -0.00006598844948760984],[1.01047, -0.00038824]],
		      [[0.261135, 0.00023674448949825686],[0.350847, -0.000283328]],
		      [[0.106902, 0.000303358839173578],[0.11177, -0.000164398]]
		  ] },
		  {"n": 2, "czs": [
		      [[0.345872, -0.03929572678915567], [90.7919, -0.128055]],
		      [[-0.208012, 0.01783561094184851], [51.5726, -0.120043]],
		      [[0.166709, -0.021177359309338437], [31.1659, -0.115992]],
		      [[-0.0399, -0.0019238281749765149], [18.5879, -0.11273]],
		      [[0.0863209, -0.01629206681342351], [10.5388, -0.10907]],
		      [[0.0680167, -0.017604181992991724], [5.49776, -0.103843]],
		      [[0.144209, -0.024423387107740488], [2.55038, -0.0952646]],
		      [[0.223938, -0.012462423109560304], [1.022, -0.080738]],
		      [[0.263828, 0.05149182699565149], [0.355141, -0.0587956]],
		      [[0.0884609, 0.05811091769069541], [0.112748, -0.0341839]]
		  ]},
		  {"n": 2, "czs": [
		      [[0.457788, -0.12233223483052327], [64.5723, -0.267505]],
		      [[-0.285855, 0.05718591276408895], [36.6592, -0.250758]],
		      [[0.21584, -0.06479052858390577], [22.1373, -0.24236]],
		      [[-0.063965, -0.004395271176449403], [13.1889, -0.235638]],
		      [[0.102165, -0.04833053049428427], [7.46573, -0.228103]],
		      [[0.0737725, -0.05172615990120932], [3.88551, -0.217262]],
		      [[0.17754, -0.06847488270314238], [1.79736, -0.199178]],
		      [[0.289832, -0.009042146717748915], [0.719834, -0.167887]],
		      [[0.247304, 0.1921693886136838], [0.251313, -0.120958]],
		      [[-0.0105126, 0.09830817511404287], [0.0779307, -0.0709174]]
		  ]},
		  {"n": 2, "czs": [
		      [[1.31871, 0.09739413837520984], [20.8267, -0.229538]],
		      [[-0.882223, -0.14609766738755842], [11.7912, -0.215505]],
		      [[0.587742, 0.017621063477828283], [7.09344, -0.208626]],
		      [[-0.244835, -0.11635336185982334], [4.20306, -0.203258]],
		      [[0.217344, -0.079026061681089], [2.36016, -0.197223]],
		      [[0.121271, -0.16068878759091051], [1.21483, -0.188028]],
		      [[0.414598, -0.0813563647839713], [0.556153, -0.170962]],
		      [[0.444401, 0.37305627755407905], [0.223545, -0.139546]],
		      [[-0.236321, 0.3379334811262533], [0.0784892, -0.0972888]],
		      [[-0.0397927, -0.06186417465715612], [0.0217964, -0.0590364]]
		  ] },
		  {"n": 2, "czs": [
		      [[-16.734, -15.479496302022497], [1.71727, -0.0910282]],
		      [[11.5317, 11.097448664541606], [0.952409, -0.0860343]],
		      [[-6.45449, -7.810290830617014], [0.55731, -0.0839928]],
		      [[3.48709, 4.131529146859406], [0.318557, -0.0823017]],
		      [[0.635228, -2.2924832072133254], [0.172162, -0.0787296]],
		      [[-0.204051, 3.3475811428670603], [0.0866108, -0.0703243]],
		      [[-1.98721, -0.9685919402424636], [0.0395518, -0.0569393]],
		      [[1.18467, -0.30390078174816765], [0.0153727, -0.0421328]],
		      [[-0.269975, -0.0013608928212053598], [0.00447371, -0.0292477]],
		      [[-0.00234035, 0.026667356470687624], [0.000912938, -0.0189573]]
		  ] }
	      ]
	     }
}
		  
